channel,phase,time
HHN,S,2003-11-28T06:07:38.464351
HHZ,P,2003-11-28T06:07:29.694887
HHN,S,2003-11-28T10:36:54.101882
HHZ,P,2003-11-28T10:36:46.130836
HHN,S,2003-12-03T06:57:09.188083
HHZ,P,2003-12-03T06:57:01.264978
HHN,S,2003-12-03T07:32:19.332595
HHN,S,2003-12-03T08:13:37.746187
HHZ,P,2003-12-03T08:13:28.651442
HHN,S,2003-12-03T15:38:39.054060
HHZ,P,2003-12-03T15:38:31.258507
HHN,S,2003-12-03T17:28:01.964153
HHZ,P,2003-12-03T17:27:53.086337
HHN,S,2003-12-03T18:40:28.307227
HHZ,P,2003-12-03T18:40:17.261585
HHN,S,2003-12-03T23:22:01.190671
HHZ,P,2003-12-03T23:21:52.249674
HHN,S,2003-12-04T00:07:08.321322
HHZ,P,2003-12-04T00:07:00.368966
HHN,S,2003-12-04T02:43:30.363655
HHZ,P,2003-12-04T02:43:22.570091
HHN,S,2003-12-04T04:18:52.026387
HHZ,P,2003-12-04T04:18:44.309047
HHN,S,2003-12-04T12:19:07.910808
HHZ,P,2003-12-04T12:19:00.091868
HHN,S,2003-12-04T14:22:28.431685
HHZ,P,2003-12-04T14:22:17.131098
HHN,S,2003-12-04T19:58:02.040546
HHZ,P,2003-12-04T19:57:53.047620
HHN,S,2003-12-04T20:56:24.333175
HHZ,P,2003-12-04T20:56:08.046673
HHN,S,2003-12-04T21:42:48.144676
HHZ,P,2003-12-04T21:42:39.058374
HHN,S,2003-12-04T22:44:24.254339
HHZ,P,2003-12-04T22:44:16.864634
HHN,S,2003-12-05T01:55:24.692430
HHZ,P,2003-12-05T01:55:15.595530
HHN,S,2003-12-05T05:11:09.895306
HHN,S,2003-12-05T05:53:30.213351
HHN,S,2003-12-05T07:46:18.710619
HHZ,P,2003-12-05T07:46:09.797741
HHN,S,2003-12-05T11:42:44.399336
HHZ,P,2003-12-05T11:42:35.392874
HHN,S,2003-12-05T12:18:58.407127
HHZ,P,2003-12-05T12:18:49.312450
HHN,S,2003-12-05T13:51:31.828143
HHZ,P,2003-12-05T13:51:19.819395
HHN,S,2003-12-05T17:35:24.211153
HHZ,P,2003-12-05T17:35:15.047658
HHN,S,2003-12-05T18:43:34.393672
HHZ,P,2003-12-05T18:43:25.322990
HHN,S,2003-12-05T19:36:03.408698
HHZ,P,2003-12-05T19:35:55.480587
HHN,S,2003-12-05T21:51:09.783622
HHZ,P,2003-12-05T21:51:01.977949
HHN,S,2003-12-05T22:51:18.987683
HHZ,P,2003-12-05T22:51:10.039367
HHN,S,2003-12-06T00:58:52.619947
HHZ,P,2003-12-06T00:58:41.959784
HHN,S,2003-12-06T01:34:50.268752
HHZ,P,2003-12-06T01:34:36.936305
HHN,S,2003-12-06T05:35:21.260747
HHZ,P,2003-12-06T05:35:12.433749
HHN,S,2003-12-06T15:37:03.707110
HHZ,P,2003-12-06T15:36:54.756828
HHN,S,2003-12-06T16:40:50.116389
HHN,S,2003-12-06T18:04:11.201737
HHZ,P,2003-12-06T18:03:58.484760
HHN,S,2003-12-06T18:54:46.202112
HHN,S,2003-12-06T20:32:32.838648
HHN,S,2003-12-06T21:17:27.668139
HHZ,P,2003-12-06T21:17:18.712088
HHN,S,2003-12-06T22:16:40.034242
HHZ,P,2003-12-06T22:16:31.180099
HHN,S,2003-12-07T18:40:17.948236
HHZ,P,2003-12-07T18:40:08.904226
HHN,S,2003-12-07T20:50:07.728490
HHZ,P,2003-12-07T20:49:59.709853
HHN,S,2003-12-08T02:36:41.320035
HHZ,P,2003-12-08T02:36:32.585297
HHN,S,2003-12-09T07:17:27.375692
HHZ,P,2003-12-09T07:17:16.703941
HHN,S,2003-12-10T04:04:05.382252
HHN,S,2003-12-10T07:32:47.095892
HHZ,P,2003-12-10T07:32:38.185047
HHN,S,2003-12-11T05:28:14.469427
HHZ,P,2003-12-11T05:28:05.612174
HHN,S,2003-12-11T16:02:20.364369
HHZ,P,2003-12-11T16:02:11.422557
HHN,S,2003-12-12T08:00:04.535238
HHZ,P,2003-12-12T07:59:55.670173
HHN,S,2003-12-14T10:48:01.321417
HHZ,P,2003-12-14T10:47:48.863398
HHN,S,2003-12-14T19:17:00.010644
HHZ,P,2003-12-14T19:16:49.114527
HHN,S,2003-12-15T16:53:24.053954
HHZ,P,2003-12-15T16:53:15.176184
HHN,S,2003-12-15T17:47:20.273497
HHZ,P,2003-12-15T17:47:11.153610
HHN,S,2003-12-15T19:55:35.364822
HHZ,P,2003-12-15T19:55:26.687842
HHN,S,2003-12-15T20:45:07.738812
HHN,S,2003-12-17T04:11:07.264890
HHZ,P,2003-12-17T04:10:58.147847
HHN,S,2003-12-21T05:27:23.337763
HHN,S,2003-12-21T14:17:59.548921
HHZ,P,2003-12-21T14:17:49.899454
HHN,S,2003-12-22T09:01:00.975357
HHZ,P,2003-12-22T09:00:50.869930
HHN,S,2003-12-23T12:04:24.736769
HHN,S,2003-12-23T14:27:37.745688
HHN,S,2003-12-23T16:16:12.943678
HHZ,P,2003-12-23T16:16:02.146826
HHN,S,2003-12-25T20:20:34.176970
HHZ,P,2003-12-25T20:20:23.171844
HHN,S,2003-12-30T10:14:30.443186
HHZ,P,2003-12-30T10:14:21.228893
HHN,S,2003-12-30T16:41:35.037659
HHZ,P,2003-12-30T16:41:26.053072
BHN,S,2012-11-27T17:56:38.696247
BHZ,P,2012-11-27T17:56:28.010607
HHN,S,2003-11-28T06:01:47.760308
HHZ,P,2003-11-28T06:01:37.849322
HHN,S,2003-12-03T11:47:43.926176
HHZ,P,2003-12-03T11:47:34.847075
HHN,S,2003-12-03T22:22:50.267770
HHZ,P,2003-12-03T22:22:41.940469
HHN,S,2003-12-04T17:04:11.515706
HHZ,P,2003-12-04T17:04:00.774814
HHN,S,2003-12-05T00:52:58.679129
HHZ,P,2003-12-05T00:52:49.551690
HHN,S,2003-12-05T10:48:57.041237
HHZ,P,2003-12-05T10:48:47.635156
HHN,S,2003-12-05T18:31:43.545606
HHZ,P,2003-12-05T18:31:33.720430
HHN,S,2003-12-06T00:30:10.329741
HHZ,P,2003-12-06T00:30:02.557844
HHN,S,2003-12-06T07:25:53.468722
HHN,S,2003-12-06T18:22:18.974025
HHN,S,2003-12-07T01:28:03.712492
HHN,S,2003-12-08T07:19:00.521541
HHZ,P,2003-12-08T07:18:51.518678
HHN,S,2003-12-11T10:01:08.274447
HHZ,P,2003-12-11T10:01:00.107866
HHN,S,2003-12-15T13:05:15.986809
HHZ,P,2003-12-15T13:05:07.241719
HHN,S,2003-12-16T06:00:23.340825
HHZ,P,2003-12-16T06:00:14.336191
HHN,S,2003-12-29T05:53:17.312040
HHZ,P,2003-12-29T05:53:08.339312
BHN,S,2012-11-28T16:12:52.178071
BHZ,P,2012-11-28T16:12:41.497968
BHN,S,2012-11-30T08:58:17.398041
BHZ,P,2012-11-30T08:58:07.278116
BHN,S,2012-12-02T03:58:54.822657
BHZ,P,2012-12-02T03:58:43.292215
BHN,S,2012-12-03T13:03:06.280279
BHZ,P,2012-12-03T13:02:54.948194
BHN,S,2012-12-05T11:05:03.517750
BHZ,P,2012-12-05T11:04:53.377197
BHN,S,2012-12-07T02:15:11.270555
BHZ,P,2012-12-07T02:15:00.328727
BHN,S,2012-12-08T06:13:56.197298
BHZ,P,2012-12-08T06:13:45.353541
BHE,S,2012-12-09T03:33:28.478079
BHZ,P,2012-12-09T03:33:15.739958
BHN,S,2012-12-09T05:43:32.697180
BHZ,P,2012-12-09T05:43:21.071759
BHN,S,2012-12-13T19:13:53.656378
BHZ,P,2012-12-13T19:13:43.289911
BHN,S,2012-12-13T20:36:26.462194
BHZ,P,2012-12-13T20:36:12.983463
BHN,S,2012-12-14T14:57:13.342430
BHZ,P,2012-12-14T14:57:02.546580
BHN,S,2012-12-16T14:01:11.713798
BHZ,P,2012-12-16T14:01:00.741352
BHN,S,2012-12-18T11:35:47.276105
BHN,S,2012-12-18T11:35:47.077911
BHN,S,2012-12-20T14:44:53.587245
BHZ,P,2012-12-20T14:44:42.596610
BHE,S,2012-12-21T09:32:23.027300
BHZ,P,2012-12-21T09:32:11.206733
BHE,S,2012-12-23T13:26:01.370928
BHZ,P,2012-12-23T13:25:49.410610
BHN,S,2012-12-27T00:05:28.176751
BHZ,P,2012-12-27T00:05:17.253172
BHE,S,2012-12-28T01:13:15.275912
BHZ,P,2012-12-28T01:13:01.864423
BHE,S,2012-12-28T06:16:40.998268
BHZ,P,2012-12-28T06:16:28.490362
BHN,S,2012-12-28T08:56:15.113593
BHZ,P,2012-12-28T08:56:04.584326
BHN,S,2012-12-28T11:08:17.666850
BHZ,P,2012-12-28T11:08:06.973444
BHN,S,2013-01-01T16:40:15.318381
BHZ,P,2013-01-01T16:40:04.743524
BHN,S,2013-01-06T11:35:54.207913
BHZ,P,2013-01-06T11:35:44.485192
BHN,S,2013-01-06T15:03:29.654583
BHZ,P,2013-01-06T15:03:18.706284
BHN,S,2013-01-07T06:03:39.613161
BHZ,P,2013-01-07T06:03:27.336370
BHN,S,2013-01-07T10:23:35.146119
BHZ,P,2013-01-07T10:23:24.019376
BHN,S,2013-01-09T13:59:22.950335
BHZ,P,2013-01-09T13:59:11.735125
BHN,S,2013-01-11T17:14:22.083276
BHZ,P,2013-01-11T17:14:11.366470
BHE,S,2013-01-13T16:54:41.568990
BHZ,P,2013-01-13T16:54:30.541536
BHN,S,2013-01-13T18:58:35.597070
BHZ,P,2013-01-13T18:58:24.862307
BHN,S,2013-01-14T10:37:00.633235
BHZ,P,2013-01-14T10:36:48.651238
BHN,S,2013-01-16T22:49:25.212409
BHZ,P,2013-01-16T22:49:14.359661
BHN,S,2013-01-17T18:07:06.580837
BHZ,P,2013-01-17T18:06:55.589302
BHN,S,2013-01-19T16:09:36.307841
BHZ,P,2013-01-19T16:09:20.323811
BHN,P,2013-01-20T02:05:57.769044
BHN,S,2013-01-20T11:50:37.390370
BHN,S,2013-01-23T10:34:03.708611
BHN,S,2013-01-24T13:25:16.468455
BHN,S,2013-01-24T14:11:08.901021
BHZ,P,2013-01-24T14:11:02.266138
BHN,S,2013-01-24T18:30:56.670276
BHZ,P,2013-01-24T18:30:45.857971
BHN,S,2013-01-24T21:00:33.564652
BHZ,P,2013-01-24T21:00:22.307597
BHN,S,2013-01-27T19:41:27.900547
BHZ,P,2013-01-27T19:41:17.105066
BHN,S,2013-01-28T16:55:51.009767
BHZ,P,2013-01-28T16:55:37.962425
BHN,S,2013-01-28T21:46:44.422915
BHZ,P,2013-01-28T21:46:32.126628
BHN,S,2013-01-30T04:34:40.752229
BHZ,P,2013-01-30T04:34:29.017145
BHN,S,2013-01-30T04:34:40.747415
BHZ,P,2013-01-30T04:34:29.024342
BHE,S,2013-01-30T10:27:25.729474
BHZ,P,2013-01-30T10:27:13.864616
BHN,S,2013-01-31T08:35:17.345162
BHN,S,2013-02-01T17:03:11.217824
BHZ,P,2013-02-01T17:02:57.376526
BHN,S,2013-02-06T21:02:21.087798
BHZ,P,2013-02-06T21:02:10.209676
BHE,S,2013-02-07T02:12:48.427968
BHZ,P,2013-02-07T02:12:38.065602
BHN,S,2013-02-08T02:23:09.066544
BHN,S,2013-02-10T05:24:40.370850
BHZ,P,2013-02-10T05:24:29.473876
BHE,S,2013-02-11T13:25:58.929524
BHZ,P,2013-02-11T13:25:48.254358
BHE,S,2013-02-18T10:27:23.534046
BHZ,P,2013-02-18T10:27:12.646934
BHE,P,2013-02-26T07:35:40.739921
BHN,S,2013-02-26T07:35:53.347628
BHN,S,2013-02-28T12:15:16.606182
BHZ,P,2013-02-28T12:15:06.381843
BHN,S,2013-03-01T03:49:42.959844
BHZ,P,2013-03-01T03:49:31.766818
BHN,S,2013-03-01T06:12:08.041167
BHZ,P,2013-03-01T06:11:58.403839
BHN,S,2013-03-01T06:12:08.083055
BHZ,P,2013-03-01T06:11:58.401755
BHN,S,2013-03-02T03:11:47.249536
BHZ,P,2013-03-02T03:11:36.840965
BHN,S,2013-03-03T20:48:10.676481
BHZ,P,2013-03-03T20:47:56.599538
BHN,S,2013-03-04T12:30:35.692133
BHN,S,2013-03-06T09:30:39.387204
BHZ,P,2013-03-06T09:30:28.757650
BHN,S,2013-03-08T14:24:05.368037
BHZ,P,2013-03-08T14:23:54.370416
BHN,S,2013-03-12T12:38:16.746839
BHZ,P,2013-03-12T12:38:06.416386
BHN,S,2013-03-14T03:07:22.472920
BHZ,P,2013-03-14T03:07:11.579775
BHN,S,2013-03-16T11:31:12.275864
BHZ,P,2013-03-16T11:31:01.400754
BHN,S,2013-03-17T17:42:10.350135
BHZ,P,2013-03-17T17:41:58.649128
BHN,S,2013-03-20T17:46:12.296982
BHZ,P,2013-03-20T17:46:00.616988
BHN,S,2013-03-21T19:04:12.001331
BHZ,P,2013-03-21T19:04:00.979872
BHN,S,2013-03-22T23:51:09.627377
BHZ,P,2013-03-22T23:50:58.253591
BHN,S,2013-03-24T17:17:50.532521
BHZ,P,2013-03-24T17:17:39.687169
BHN,P,2013-03-24T22:07:21.316828
BHN,S,2013-03-24T22:07:21.228524
BHZ,P,2013-03-24T22:07:10.558584
BHN,S,2013-03-25T10:04:57.931686
BHZ,P,2013-03-25T10:04:46.172263
BHN,S,2013-03-30T23:43:18.678188
BHZ,P,2013-03-30T23:43:06.750519
BHN,S,2013-04-01T17:55:44.864677
BHZ,P,2013-04-01T17:55:32.747323
BHN,S,2013-04-02T05:45:29.178397
BHZ,P,2013-04-02T05:45:18.630766
BHN,S,2013-04-02T11:57:07.816323
BHZ,P,2013-04-02T11:56:58.498976
BHN,P,2013-04-02T12:12:02.494483
BHN,S,2013-04-02T12:12:02.494483
BHZ,P,2013-04-02T12:11:51.656281
BHN,S,2013-04-05T11:40:24.065225
BHZ,P,2013-04-05T11:40:12.334337
BHN,S,2013-04-08T12:29:16.929694
BHZ,P,2013-04-08T12:29:05.526302
BHN,S,2013-04-10T08:32:49.579125
BHZ,P,2013-04-10T08:32:40.060875
BHN,S,2013-04-10T08:40:22.739414
BHZ,P,2013-04-10T08:40:10.922684
BHN,S,2013-04-10T15:16:42.238665
BHZ,P,2013-04-10T15:16:31.749825
BHN,S,2013-04-14T11:28:51.657209
BHZ,P,2013-04-14T11:28:41.473309
BHN,S,2013-04-15T21:53:40.119657
BHZ,P,2013-04-15T21:53:29.113975
BHN,S,2013-04-17T21:05:25.575385
BHZ,P,2013-04-17T21:05:16.253533
BHN,S,2013-04-18T14:15:47.655687
BHZ,P,2013-04-18T14:15:33.804841
BHN,S,2013-04-20T10:59:54.800732
BHZ,P,2013-04-20T10:59:45.172093
BHE,S,2013-04-26T23:00:14.310775
BHZ,P,2013-04-26T23:00:05.338304
BHN,S,2013-04-28T15:42:44.603914
BHZ,P,2013-04-28T15:42:33.993926
BHN,S,2013-05-04T22:12:50.552998
BHZ,P,2013-05-04T22:12:40.584312
BHN,S,2013-05-10T11:41:59.407024
BHZ,P,2013-05-10T11:41:48.296076
BHN,S,2013-08-22T10:30:56.268770
BHZ,P,2013-08-22T10:30:45.301660
BHN,S,2013-08-31T10:41:33.454891
BHZ,P,2013-08-31T10:41:21.551854
BHN,S,2013-08-31T15:20:49.445908
BHZ,P,2013-08-31T15:20:37.720342
BHZ,P,2013-09-01T04:46:51.611028
BHN,S,2013-09-04T13:42:02.876006
BHZ,P,2013-09-04T13:41:51.403962
BHN,S,2013-09-08T01:31:36.164651
BHZ,P,2013-09-08T01:31:25.247615
BHN,S,2013-09-11T07:27:20.769066
BHZ,P,2013-09-11T07:27:08.842551
BHN,S,2013-09-13T19:49:02.552752
BHZ,P,2013-09-13T19:48:51.330743
BHN,S,2013-09-13T21:13:30.160820
BHZ,P,2013-09-13T21:13:18.658698
BHN,S,2013-09-16T14:59:28.492378
BHZ,P,2013-09-16T14:59:17.563062
BHN,S,2013-09-17T00:42:53.459412
BHZ,P,2013-09-17T00:42:41.070900
BHN,S,2013-09-17T15:21:59.997814
BHZ,P,2013-09-17T15:21:47.992294
BHN,S,2013-09-20T19:01:10.839761
BHZ,P,2013-09-20T19:01:00.728615
BHN,S,2013-09-21T03:08:46.541529
BHZ,P,2013-09-21T03:08:35.902896
BHN,S,2013-09-23T00:46:47.359148
BHZ,P,2013-09-23T00:46:36.455930
BHN,S,2013-09-23T04:35:14.675276
BHZ,P,2013-09-23T04:35:03.223624
BHN,S,2013-09-23T22:16:15.318708
BHZ,P,2013-09-23T22:16:03.993169
BHN,S,2013-09-24T21:39:32.213170
BHZ,P,2013-09-24T21:39:20.632302
BHN,S,2013-09-25T13:09:21.324047
BHZ,P,2013-09-25T13:09:09.914825
BHN,S,2013-09-27T14:32:52.013366
BHZ,P,2013-09-27T14:32:41.718192
BHN,S,2013-09-28T22:03:48.051031
BHZ,P,2013-09-28T22:03:36.366936
BHN,S,2013-09-29T09:00:58.418787
BHZ,P,2013-09-29T09:00:47.010481
BHN,S,2013-10-02T03:51:36.178536
BHZ,P,2013-10-02T03:51:23.578837
BHN,S,2013-10-03T03:54:33.175267
BHZ,P,2013-10-03T03:54:23.012587
BHN,S,2013-10-03T12:51:44.996249
BHZ,P,2013-10-03T12:51:34.574137
BHN,S,2013-10-04T20:58:51.002709
BHZ,P,2013-10-04T20:58:39.918152
BHN,S,2013-10-05T23:06:23.061822
BHZ,P,2013-10-05T23:06:12.216346
BHN,S,2013-10-10T08:49:06.112777
BHZ,P,2013-10-10T08:48:55.078853
BHN,S,2013-10-11T08:26:57.799114
BHZ,P,2013-10-11T08:26:47.186893
BHN,S,2013-10-11T13:43:34.183051
BHZ,P,2013-10-11T13:43:23.583759
BHN,S,2013-10-13T05:09:19.473661
BHZ,P,2013-10-13T05:09:08.905348
BHN,S,2013-10-13T05:16:52.554338
BHZ,P,2013-10-13T05:16:41.836257
BHN,S,2013-10-13T06:27:41.368695
BHZ,P,2013-10-13T06:27:30.460771
BHN,S,2013-10-13T07:34:39.399308
BHZ,P,2013-10-13T07:34:28.933560
BHN,S,2013-10-13T10:50:40.916520
BHZ,P,2013-10-13T10:50:31.299231
BHN,S,2013-10-14T23:20:42.739879
BHZ,P,2013-10-14T23:20:29.561229
BHN,S,2013-10-15T02:54:27.368371
BHZ,P,2013-10-15T02:54:16.355724
BHN,S,2013-10-16T22:09:18.551066
BHN,S,2013-10-19T02:14:40.730555
BHZ,P,2013-10-19T02:14:30.134025
BHN,S,2013-10-19T12:25:45.208782
BHZ,P,2013-10-19T12:25:32.838257
BHN,S,2013-10-19T17:07:47.213145
BHZ,P,2013-10-19T17:07:36.145973
BHN,S,2013-10-22T05:09:50.602395
BHZ,P,2013-10-22T05:09:38.731494
BHN,S,2013-10-22T07:59:49.468130
BHZ,P,2013-10-22T07:59:39.146124
BHN,S,2013-10-22T23:24:11.818806
BHZ,P,2013-10-22T23:24:01.369898
BHN,S,2013-10-24T03:25:42.220632
BHZ,P,2013-10-24T03:25:31.617224
BHN,S,2013-10-24T08:03:45.636374
BHZ,P,2013-10-24T08:03:29.597849
BHN,S,2013-10-24T15:25:07.847283
BHZ,P,2013-10-24T15:24:56.926810
BHN,S,2013-10-26T19:04:48.229247
BHZ,P,2013-10-26T19:04:37.177126
BHN,S,2013-10-27T00:34:24.871859
BHZ,P,2013-10-27T00:34:13.901259
BHN,S,2013-10-29T02:04:51.970104
BHZ,P,2013-10-29T02:04:41.054473
BHN,S,2013-10-30T16:44:58.774517
BHZ,P,2013-10-30T16:44:46.502025
BHN,S,2013-10-31T09:50:52.672482
BHZ,P,2013-10-31T09:50:41.274332
BHN,S,2013-11-02T18:43:04.720226
BHZ,P,2013-11-02T18:42:53.639649
BHN,S,2013-11-04T10:43:12.028678
BHZ,P,2013-11-04T10:43:01.249396
BHN,S,2013-11-04T17:21:47.371331
BHZ,P,2013-11-04T17:21:36.955886
BHN,S,2013-11-04T17:48:37.361478
BHZ,P,2013-11-04T17:48:26.363948
BHN,S,2013-11-06T04:46:08.898070
BHZ,P,2013-11-06T04:45:57.840890
BHN,S,2013-11-08T16:53:25.249853
BHZ,P,2013-11-08T16:53:11.032585
BHE,S,2013-11-09T23:39:44.992540
BHZ,P,2013-11-09T23:39:32.529706
BHN,S,2013-11-10T02:39:45.854938
BHZ,P,2013-11-10T02:39:34.391948
BHN,S,2013-11-12T05:38:37.277425
BHZ,P,2013-11-12T05:38:24.211401
BHN,S,2013-11-17T06:41:18.141602
BHZ,P,2013-11-17T06:41:07.539683
BHN,S,2013-11-17T10:43:39.659892
BHN,S,2013-11-18T19:03:11.162321
BHZ,P,2013-11-18T19:03:00.622117
BHN,S,2013-11-20T03:16:31.285107
BHZ,P,2013-11-20T03:16:20.844931
BHN,S,2013-11-21T15:51:03.281210
BHN,S,2013-11-25T07:03:48.042402
BHZ,P,2013-11-25T07:03:37.643893
BHN,S,2013-11-25T19:40:46.690030
BHZ,P,2013-11-25T19:40:35.784684
BHN,S,2013-11-29T12:56:45.536439
BHZ,P,2013-11-29T12:56:34.497071
BHZ,P,2013-12-03T06:01:26.888848
BHN,S,2013-12-04T23:13:25.284714
BHZ,P,2013-12-04T23:13:14.563838
BHE,S,2013-12-07T05:26:05.552176
BHZ,P,2013-12-07T05:25:51.509315
BHN,S,2013-12-16T16:55:59.018480
BHZ,P,2013-12-16T16:55:48.662792
BHN,S,2013-12-18T21:26:10.008424
BHZ,P,2013-12-18T21:25:59.414131
BHN,S,2013-12-18T21:31:47.554745
BHZ,P,2013-12-18T21:31:33.572722
BHN,S,2013-12-22T16:51:36.818368
BHZ,P,2013-12-22T16:51:26.014395
BHN,S,2013-12-25T20:50:56.806971
BHZ,P,2013-12-25T20:50:46.125731
BHN,S,2013-12-28T21:29:17.953392
BHN,S,2013-12-29T06:01:35.727120
BHZ,P,2013-12-29T06:01:24.906939
BHN,S,2013-12-29T18:18:41.801884
BHZ,P,2013-12-29T18:18:29.632159
BHN,S,2014-01-03T15:57:20.015933
BHZ,P,2014-01-03T15:57:09.005523
BHN,S,2014-01-05T08:20:50.959163
BHZ,P,2014-01-05T08:20:40.240558
BHN,S,2014-01-07T00:18:39.515284
BHZ,P,2014-01-07T00:18:28.260107
BHN,S,2014-01-07T21:01:21.404121
BHZ,P,2014-01-07T21:01:08.941784
BHN,S,2014-01-08T08:49:01.373941
BHZ,P,2014-01-08T08:48:50.667281
BHN,S,2014-01-10T07:45:59.891662
BHZ,P,2014-01-10T07:45:49.293976
BHN,S,2014-01-11T04:46:31.288150
BHZ,P,2014-01-11T04:46:19.526062
BHN,S,2014-01-12T16:31:44.058754
BHZ,P,2014-01-12T16:31:30.889227
BHE,S,2014-01-15T00:11:20.658612
BHZ,P,2014-01-15T00:11:10.628097
BHE,S,2014-01-16T02:35:16.976465
BHZ,P,2014-01-16T02:35:05.215216
BHN,S,2014-01-22T04:47:44.097417
BHZ,P,2014-01-22T04:47:33.070076
BHN,S,2014-01-22T21:37:13.438786
BHZ,P,2014-01-22T21:37:02.788152
BHN,S,2014-01-23T12:04:35.899181
BHZ,P,2014-01-23T12:04:26.810317
BHN,S,2014-01-24T19:13:17.056175
BHN,S,2014-01-25T10:26:45.996313
BHZ,P,2014-01-25T10:26:34.404116
BHN,S,2014-01-26T04:05:30.398857
BHZ,P,2014-01-26T04:05:18.888600
BHN,S,2014-01-29T07:02:39.387772
BHZ,P,2014-01-29T07:02:28.995480
BHN,S,2014-01-31T07:37:08.609537
BHZ,P,2014-01-31T07:36:57.816056
BHN,S,2014-01-31T19:33:12.337955
BHN,S,2014-02-01T06:17:55.212747
BHN,S,2014-02-06T16:06:50.325266
BHZ,P,2014-02-06T16:06:39.701091
BHN,S,2014-02-07T14:31:55.363581
BHZ,P,2014-02-07T14:31:44.114606
BHN,S,2014-02-10T01:42:31.159213
BHN,S,2014-02-13T02:39:21.400847
BHZ,P,2014-02-13T02:39:10.334860
BHN,S,2014-02-13T19:50:58.888089
BHZ,P,2014-02-13T19:50:47.103147
BHN,S,2014-02-14T07:09:16.656468
BHZ,P,2014-02-14T07:09:06.185389
BHN,S,2014-02-15T21:05:45.550310
BHN,S,2014-02-23T08:40:04.268595
BHZ,P,2014-02-23T08:39:53.324703
BHN,S,2014-02-23T15:23:50.441246
BHN,S,2014-02-27T01:46:30.831485
BHN,S,2014-03-01T12:02:07.058246
BHZ,P,2014-03-01T12:01:56.656652
BHN,S,2014-03-07T20:56:33.805592
BHE,S,2014-03-14T13:38:20.667085
BHZ,P,2014-03-14T13:38:10.590825
BHN,S,2014-03-16T09:33:40.379035
BHN,S,2014-03-19T13:08:45.057247
BHZ,P,2014-03-19T13:08:34.143474
BHN,S,2014-03-20T20:28:40.963808
BHZ,P,2014-03-20T20:28:28.820161
BHN,S,2014-03-21T01:52:56.374902
BHZ,P,2014-03-21T01:52:45.729168
BHN,S,2014-03-22T00:07:25.366758
BHZ,P,2014-03-22T00:07:10.666832
BHN,S,2014-03-29T02:35:33.094749
BHZ,P,2014-03-29T02:35:22.272582
BHN,S,2014-04-01T22:31:53.829113
BHZ,P,2014-04-01T22:31:46.272735
BHN,S,2014-04-03T13:40:01.535837
BHZ,P,2014-04-03T13:39:50.216939
BHN,S,2014-04-03T21:01:44.243657
BHZ,P,2014-04-03T21:01:33.751975
BHE,S,2014-04-08T18:29:16.334101
BHN,S,2014-04-10T08:03:51.075525
BHZ,P,2014-04-10T08:03:40.232080
BHN,S,2014-04-13T03:07:33.951723
BHZ,P,2014-04-13T03:07:22.928075
BHN,S,2014-04-15T03:05:49.907435
BHZ,P,2014-04-15T03:05:38.075906
BHN,S,2014-04-15T10:23:40.860947
BHZ,P,2014-04-15T10:23:29.149445
BHN,S,2014-04-20T14:30:11.306271
BHZ,P,2014-04-20T14:30:01.240222
BHN,S,2014-04-21T22:52:58.589906
BHZ,P,2014-04-21T22:52:47.908835
BHN,S,2014-04-26T02:47:54.167168
BHZ,P,2014-04-26T02:47:43.314835
BHN,S,2014-04-27T00:02:25.540881
BHZ,P,2014-04-27T00:02:15.059620
BHN,S,2014-04-28T05:20:32.142712
BHZ,P,2014-04-28T05:20:21.683431
BHN,S,2014-04-28T16:02:19.922700
BHZ,P,2014-04-28T16:02:09.358008
BHN,S,2014-04-28T21:48:14.880514
BHZ,P,2014-04-28T21:48:04.422163
BHN,S,2014-04-30T08:57:56.360374
BHZ,P,2014-04-30T08:57:45.866073
BHN,S,2014-05-04T03:31:30.185471
BHZ,P,2014-05-04T03:31:19.330477
BHN,S,2014-05-05T09:44:11.774518
BHZ,P,2014-05-05T09:44:00.933403
BHN,S,2014-05-05T10:14:23.327411
BHZ,P,2014-05-05T10:14:12.774405
BHN,S,2014-05-07T13:02:26.634023
BHZ,P,2014-05-07T13:02:15.818055
BHN,S,2014-05-10T20:16:03.292093
BHZ,P,2014-05-10T20:15:51.884433
BHN,S,2014-05-11T23:12:16.379772
BHZ,P,2014-05-11T23:12:05.592313
BHN,S,2014-11-14T09:19:22.847202
BHN,S,2014-11-14T21:53:13.462270
BHZ,P,2014-11-14T21:52:58.969491
BHN,S,2014-11-16T23:41:20.399460
BHZ,P,2014-11-16T23:41:08.783512
BHN,S,2014-11-17T08:09:54.018532
BHZ,P,2014-11-17T08:09:43.124631
BHN,S,2014-11-20T12:31:57.524764
BHZ,P,2014-11-20T12:31:46.905721
BHN,S,2014-11-20T18:03:13.159421
BHZ,P,2014-11-20T18:03:02.513816
BHN,S,2014-11-24T13:47:16.186829
BHZ,P,2014-11-24T13:47:03.656775
BHN,S,2014-11-24T14:11:57.654687
BHZ,P,2014-11-24T14:11:47.790131
BHN,S,2014-11-24T18:50:42.837021
BHZ,P,2014-11-24T18:50:31.504140
BHN,S,2014-12-02T07:51:07.572347
BHN,S,2014-12-08T01:38:17.932640
BHN,S,2014-12-11T10:55:56.256244
BHZ,P,2014-12-11T10:55:44.412889
BHN,S,2014-12-12T04:43:55.447936
BHZ,P,2014-12-12T04:43:43.294076
BHE,S,2014-12-14T22:03:10.835412
BHZ,P,2014-12-14T22:02:58.982557
BHZ,P,2014-12-15T21:13:25.072783
BHN,S,2014-12-20T07:58:57.859995
BHZ,P,2014-12-20T07:58:47.039818
BHN,S,2014-12-21T02:51:41.215981
BHZ,P,2014-12-21T02:51:30.170223
BHN,S,2014-12-21T14:28:24.586779
BHN,S,2014-12-22T19:21:08.339779
BHZ,P,2014-12-22T19:20:57.275189
BHN,S,2014-12-23T16:08:02.634341
BHZ,P,2014-12-23T16:07:52.168719
BHN,S,2014-12-26T06:34:31.759133
BHZ,P,2014-12-26T06:34:20.316823
BHN,S,2014-12-28T17:59:38.180573
BHN,S,2014-12-29T23:29:55.520513
BHZ,P,2014-12-29T23:29:44.788971
BHN,S,2014-12-30T22:43:49.442015
BHZ,P,2014-12-30T22:43:38.072287
BHN,S,2015-01-03T15:52:57.974969
BHN,S,2015-01-04T09:38:24.208632
BHZ,P,2015-01-04T09:38:12.550571
BHN,S,2015-01-05T09:24:24.978856
BHZ,P,2015-01-05T09:24:14.370086
BHN,S,2015-01-05T23:15:15.565533
BHZ,P,2015-01-05T23:15:04.430572
BHN,S,2015-01-10T22:10:04.890906
BHZ,P,2015-01-10T22:09:50.808985
BHN,S,2015-01-15T06:43:33.442503
BHZ,P,2015-01-15T06:43:22.259515
BHN,S,2015-01-16T08:02:11.870303
BHZ,P,2015-01-16T08:02:00.390477
BHN,S,2015-01-20T01:12:23.676999
BHZ,P,2015-01-20T01:12:10.904329
BHN,S,2015-01-20T10:04:35.755923
BHZ,P,2015-01-20T10:04:24.854887
BHN,S,2015-01-23T20:03:23.753178
BHZ,P,2015-01-23T20:03:12.491607
BHN,S,2015-01-25T03:51:43.516926
BHZ,P,2015-01-25T03:51:33.269521
BHN,S,2015-01-30T06:07:39.992445
BHZ,P,2015-01-30T06:07:29.806803
BHN,S,2015-01-30T18:22:04.774648
BHN,S,2015-01-31T10:44:58.622074
BHZ,P,2015-01-31T10:44:47.882471
BHN,S,2015-02-01T12:07:17.545782
BHZ,P,2015-02-01T12:07:06.737295
BHN,S,2015-02-01T21:12:28.183165
BHZ,P,2015-02-01T21:12:16.451643
BHN,S,2015-02-03T19:21:45.245187
BHZ,P,2015-02-03T19:21:31.538454
BHN,S,2015-02-04T16:41:41.150062
BHZ,P,2015-02-04T16:41:28.875048
BHN,S,2015-02-14T23:51:46.398736
BHZ,P,2015-02-14T23:51:35.635582
BHN,S,2015-03-04T06:41:45.214588
BHZ,P,2015-03-04T06:41:34.727268
BHN,S,2015-03-06T21:16:07.581503
BHZ,P,2015-03-06T21:15:56.312967
BHE,S,2015-03-07T21:26:36.300444
BHZ,P,2015-03-07T21:26:24.252510
BHN,S,2015-03-08T09:44:10.945821
BHZ,P,2015-03-08T09:44:00.314872
BHN,S,2015-03-09T13:26:28.440890
BHZ,P,2015-03-09T13:26:15.290203
BHN,S,2015-03-11T16:14:51.968249
BHZ,P,2015-03-14T00:50:15.515545
BHZ,P,2015-03-14T17:02:28.060746
BHN,S,2015-03-15T12:30:01.387337
BHZ,P,2015-03-15T12:29:50.621940
BHN,S,2015-03-17T20:35:45.254366
BHZ,P,2015-03-17T20:35:34.870645
BHN,S,2015-03-18T12:20:31.280657
BHN,S,2015-03-18T19:41:47.221380
BHN,S,2015-03-19T14:40:22.037936
BHN,S,2015-03-21T19:38:17.829971
BHZ,P,2015-03-21T19:38:03.897094
BHN,S,2015-03-29T14:33:52.062707
BHZ,P,2015-03-29T14:33:41.490148
BHN,S,2015-03-30T15:14:07.616631
BHZ,P,2015-03-30T15:13:57.400078
BHN,S,2015-03-30T17:39:57.449505
BHZ,P,2015-03-30T17:39:46.838680
BHN,S,2015-03-31T02:39:48.409943
BHZ,P,2015-03-31T02:39:37.631427
BHN,S,2015-04-01T04:58:40.792350
BHZ,P,2015-04-01T04:58:30.127495
BHN,S,2015-04-02T04:31:36.970596
BHZ,P,2015-04-02T04:31:26.437283
BHN,S,2015-04-05T05:21:04.861327
BHZ,P,2015-04-05T05:20:53.819135
BHN,S,2015-04-09T09:41:21.927917
BHZ,P,2015-04-09T09:41:11.362087
BHN,S,2015-04-11T02:29:33.037751
BHN,S,2015-04-11T03:18:34.960591
BHZ,P,2015-04-11T03:18:18.265483
BHN,S,2015-04-13T04:54:56.338155
BHZ,P,2015-04-13T04:54:45.393264
BHN,S,2015-04-13T17:38:28.308549
BHZ,P,2015-04-13T17:38:17.671443
BHN,S,2015-04-14T00:13:37.634560
BHZ,P,2015-04-14T00:13:26.585170
BHN,S,2015-04-16T10:23:44.825660
BHZ,P,2015-04-16T10:23:33.728610
BHN,S,2015-04-18T17:26:45.098283
BHZ,P,2015-04-18T17:26:34.940217
BHN,S,2015-04-18T21:34:09.844528
BHZ,P,2015-04-18T21:33:58.457821
BHN,S,2015-04-19T10:17:30.726963
BHN,S,2015-04-21T02:42:44.092468
BHZ,P,2015-04-21T02:42:31.998006
BHN,S,2015-04-21T12:13:43.453860
BHN,S,2015-04-21T13:40:37.697934
BHZ,P,2015-04-21T13:40:26.384311
BHN,S,2015-04-22T17:29:57.486023
BHZ,P,2015-04-22T17:29:45.603986
BHN,S,2015-04-24T06:35:08.922350
BHZ,P,2015-04-24T06:34:58.380676
BHN,S,2015-04-25T11:58:03.090236
BHZ,P,2015-04-25T11:57:51.476928
BHN,S,2015-04-26T09:11:35.463277
BHN,S,2015-04-26T20:51:38.279839
BHZ,P,2015-04-26T20:51:27.333353
BHN,S,2015-04-27T07:49:53.388920
BHZ,P,2015-04-27T07:49:42.783272
BHZ,P,2015-04-30T23:08:07.674860
BHN,S,2015-05-01T14:37:12.132986
BHZ,P,2015-05-01T14:37:00.840721
BHN,S,2015-05-04T05:46:09.259721
BHZ,P,2015-05-04T05:45:58.838490
BHN,S,2015-05-04T11:26:00.548020
BHZ,P,2015-05-04T11:25:49.318585
BHN,S,2015-05-05T21:50:49.814343
BHZ,P,2015-05-05T21:50:38.943635
BHN,S,2015-05-06T06:32:19.241666
BHZ,P,2015-05-06T06:32:08.793236
BHN,S,2015-05-07T15:08:20.048396
BHZ,P,2015-05-07T15:08:09.495279
BHN,S,2015-05-07T16:31:28.672449
BHZ,P,2015-05-07T16:31:18.813697
BHN,S,2015-05-09T06:34:55.043202
BHZ,P,2015-05-09T06:34:39.431710
BHN,S,2015-05-10T03:56:15.863408
BHZ,P,2015-05-10T03:56:04.869137
BHZ,P,2015-05-10T13:55:32.319180
BHN,S,2015-05-10T18:03:22.670391
BHZ,P,2015-05-10T18:03:12.478974
BHN,S,2015-09-02T04:08:08.785880
BHZ,P,2015-09-02T04:07:57.561696
BHN,S,2015-09-02T11:32:07.451876
BHZ,P,2015-09-02T11:31:57.121396
BHN,S,2015-09-06T05:21:37.688563
BHZ,P,2015-09-06T05:21:21.852706
BHN,S,2015-09-08T17:10:51.322073
BHZ,P,2015-09-08T17:10:41.561303
BHN,S,2015-09-11T18:13:25.164090
BHZ,P,2015-09-11T18:13:14.454473
BHN,S,2015-09-15T16:02:29.993198
BHZ,P,2015-09-15T16:02:19.312282
BHN,S,2015-09-17T18:46:49.941142
BHZ,P,2015-09-17T18:46:37.733302
BHN,S,2015-09-19T00:37:28.478130
BHZ,P,2015-09-19T00:37:17.723473
BHN,S,2015-09-22T12:03:11.494277
BHN,S,2015-09-22T18:08:45.817905
BHZ,P,2015-09-22T18:08:34.996225
BHN,S,2015-09-24T08:45:26.657595
BHZ,P,2015-09-24T08:45:16.015160
BHN,S,2015-10-01T18:26:46.311304
BHZ,P,2015-10-01T18:26:35.612007
BHN,S,2015-10-01T18:26:46.683896
BHZ,P,2015-10-01T18:26:35.617209
BHN,S,2015-10-05T09:42:32.136066
BHZ,P,2015-10-05T09:42:21.344940
BHN,S,2015-10-07T05:18:17.372392
BHZ,P,2015-10-07T05:18:05.164350
BHN,S,2015-10-07T05:58:13.124392
BHZ,P,2015-10-07T05:58:02.065943
BHN,S,2015-10-08T04:04:37.540087
BHZ,P,2015-10-08T04:04:26.988071
BHN,S,2015-10-14T09:10:34.186159
BHZ,P,2015-10-14T09:10:22.139874
BHN,S,2015-10-17T03:07:46.899479
BHZ,P,2015-10-17T03:07:36.326023
BHN,S,2015-10-21T23:06:19.354580
BHZ,P,2015-10-21T23:06:08.047423
BHN,S,2015-10-22T02:43:04.161730
BHZ,P,2015-10-22T02:42:53.097358
BHN,S,2015-10-23T00:10:39.447486
BHZ,P,2015-10-23T00:10:28.888662
BHN,S,2015-10-24T04:41:48.994794
BHN,S,2015-10-28T02:34:23.445430
BHZ,P,2015-10-28T02:34:10.708591
BHN,S,2015-10-28T13:41:27.776906
BHZ,P,2015-10-28T13:41:18.444986
BHN,S,2015-10-30T01:40:10.259920
BHZ,P,2015-10-30T01:39:59.375623
BHN,S,2015-10-31T17:17:00.866753
BHZ,P,2015-10-31T17:16:48.520424
BHN,S,2015-11-02T06:50:20.260482
BHZ,P,2015-11-02T06:50:10.314534
BHN,S,2015-11-03T12:17:50.191362
BHZ,P,2015-11-03T12:17:39.735505
BHN,S,2015-11-04T02:21:46.648114
BHZ,P,2015-11-04T02:21:36.036954
BHN,S,2015-11-07T08:02:48.181022
BHZ,P,2015-11-07T08:02:37.756585
BHN,S,2015-11-07T20:41:05.888134
BHZ,P,2015-11-07T20:40:55.118662
BHN,S,2015-11-08T18:28:40.228326
BHZ,P,2015-11-08T18:28:29.202630
BHN,S,2015-11-11T01:11:43.646755
BHZ,P,2015-11-11T01:11:32.696312
BHN,S,2015-11-11T19:44:25.052260
BHZ,P,2015-11-11T19:44:12.102096
BHN,S,2015-11-11T19:44:25.057791
BHZ,P,2015-11-11T19:44:12.072359
